Predicted_Close_Day1,Predicted_Close_Day2,Predicted_Close_Day3
269.8559997558594,270.0652001953125,270.278240234375
