Predicted_Close_Day1,Predicted_Close_Day2,Predicted_Close_Day3
270.49000040690106,270.75332980685766,270.5377751103154
